carX,carY,agentX,agentY,tDist,eDist
4,4,3,3,1.4142135623730951,1.414178567063634
4,3,4,3,0.0,6.853608066550044e-06
4,4,4,2,2.0,2.000019626415739
4,3,3,2,1.4142135623730951,1.414223846749923
3,3,3,3,0.0,-9.160539710052486e-06
4,3,4,3,0.0,8.703269762457843e-06
4,2,5,3,1.4142135623730951,1.4142029367655582
4,1,5,4,3.1622776601683795,3.1622982548220824
5,1,5,3,2.0,2.0000323796332133
0,1,4,3,2.8284271247461903,2.8284579568496806
5,1,5,3,2.0,2.0000036903738114
0,1,4,3,2.8284271247461903,2.8284458663902123
5,1,3,3,2.8284271247461903,2.8284315727383613
0,1,3,2,3.1622776601683795,3.162248795828475
5,1,3,1,2.0,2.0000237924453605
0,1,4,1,2.0,1.9999661876634722
5,1,3,1,2.0,2.0000001462912644
0,1,3,0,3.1622776601683795,3.16226540139367
5,1,4,0,1.4142135623730951,1.4141812908030387
0,1,5,0,1.4142135623730951,1.4142429766504274
5,1,5,5,2.0,2.000002177269357
0,1,4,5,2.8284271247461903,2.828437280938
5,1,4,0,1.4142135623730951,1.4141959264053054
0,1,3,0,3.1622776601683795,3.1622780329473694
5,1,4,0,1.4142135623730951,1.414225823150729
0,1,4,5,2.8284271247461903,2.828441848850457
5,1,3,5,2.8284271247461903,2.828420489203489
0,1,3,4,4.242640687119285,4.2426269027597225
5,1,4,4,3.1622776601683795,3.162289271635095
0,1,3,4,4.242640687119285,4.242618596657431
5,1,3,3,2.8284271247461903,2.828442701194177
0,1,3,2,3.1622776601683795,3.1622862248257912
5,1,2,2,3.1622776601683795,3.162266083651884
0,1,1,2,1.4142135623730951,1.4141895733491112
5,1,0,2,1.4142135623730951,1.4142502010947318
0,1,5,2,1.4142135623730951,1.4142136227217759
5,1,5,3,2.0,1.9999659069758848
0,1,4,3,2.8284271247461903,2.828404399526054
5,1,3,3,2.8284271247461903,2.8284297733022132
0,1,3,4,4.242640687119285,4.242641131397845
5,1,3,5,2.8284271247461903,2.8284011969100473
0,1,2,5,2.8284271247461903,2.8284290275350616
5,1,2,4,4.242640687119285,4.242632212817286
0,1,1,4,3.1622776601683795,3.162253940497081
5,1,1,3,2.8284271247461903,2.8283879631215063
0,1,1,4,3.1622776601683795,3.16227496414214
5,1,2,4,4.242640687119285,4.242635912861899
0,1,2,5,2.8284271247461903,2.8283985434082215
5,1,2,4,4.242640687119285,4.242610732711663
0,1,3,4,4.242640687119285,4.242616809399749
5,1,2,4,4.242640687119285,4.242616342036672
0,1,3,4,4.242640687119285,4.242637541815937
5,1,3,3,2.8284271247461903,2.828442065859292
0,1,3,2,3.1622776601683795,3.1622862536970966
5,1,4,2,1.4142135623730951,1.4142550582364541
0,1,5,2,1.4142135623730951,1.4142066964194515
5,1,5,3,2.0,2.0000459730788145
0,1,4,3,2.8284271247461903,2.8284238205551375
5,1,5,3,2.0,2.0000340724797625
0,1,5,2,1.4142135623730951,1.414199119357694
5,1,0,2,1.4142135623730951,1.4142133843998292
0,1,0,3,2.0,1.9999891360398319
5,1,1,3,2.8284271247461903,2.828465989991459
0,1,0,3,2.0,1.9999710512777535
5,1,0,4,3.1622776601683795,3.162283681157655
0,1,1,4,3.1622776601683795,3.162243962169146
5,1,1,3,2.8284271247461903,2.8284246007225162
0,1,2,3,2.8284271247461903,2.8284669302191854
5,1,1,3,2.8284271247461903,2.828416836148363
0,1,2,3,2.8284271247461903,2.8284228035437904
5,1,1,3,2.8284271247461903,2.828451862903894
0,1,0,3,2.0,1.9999953943064315
5,1,0,2,1.4142135623730951,1.4142490822448053
0,1,5,2,1.4142135623730951,1.414223823860672
5,1,5,3,2.0,1.9999908815596157
0,1,0,3,2.0,2.000012983458545
5,1,5,3,2.0,2.000012088470772
0,1,5,2,1.4142135623730951,1.4141954217647454
5,1,5,3,2.0,2.000027752036228
0,1,5,2,1.4142135623730951,1.4141788545501486
5,1,0,2,1.4142135623730951,1.4142241097557515
0,1,0,3,2.0,1.9999925139423251
5,1,0,2,1.4142135623730951,1.4142217165035946
0,1,5,2,1.4142135623730951,1.4141969967652401
5,1,5,1,0.0,8.469145636753003e-06
0,1,4,1,2.0,1.9999968096526999
5,1,4,0,1.4142135623730951,1.4142003236187966
0,1,5,0,1.4142135623730951,1.4142828669160648
5,1,5,5,2.0,1.9999875025562932
0,1,5,4,3.1622776601683795,3.162275460260461
5,1,0,4,3.1622776601683795,3.162255769024587
0,1,1,4,3.1622776601683795,3.1622728331933887
5,1,1,3,2.8284271247461903,2.828428889344879
0,1,2,3,2.8284271247461903,2.828415069558794
5,1,1,3,2.8284271247461903,2.8284238442381366
0,1,2,3,2.8284271247461903,2.8284514563579974
5,1,3,3,2.8284271247461903,2.8284500738949605
0,1,3,4,4.242640687119285,4.242663886498766
5,1,3,3,2.8284271247461903,2.828457570901548
0,1,2,3,2.8284271247461903,2.8284235254798373
5,1,3,3,2.8284271247461903,2.828456233175405
0,1,3,2,3.1622776601683795,3.162282490306137
5,1,3,1,2.0,2.000002236451571
0,1,2,1,2.0,2.0000507886406624
5,1,2,2,3.1622776601683795,3.162303209209017
0,1,2,1,2.0,1.9999910882347238
5,1,3,1,2.0,1.999994031286578
0,1,4,1,2.0,1.999991954201568
5,1,4,2,1.4142135623730951,1.4142209545961086
0,1,5,2,1.4142135623730951,1.4142039497298518
5,1,0,2,1.4142135623730951,1.414170904165617
0,1,1,2,1.4142135623730951,1.4142287464597232
5,1,1,3,2.8284271247461903,2.8284364847599544
0,1,2,3,2.8284271247461903,2.8284813047851376
5,1,2,2,3.1622776601683795,3.162274122231093
0,1,3,2,3.1622776601683795,3.1622878011184192
5,1,3,1,2.0,2.0000151608499634
0,1,4,1,2.0,1.9999760112006106
5,1,4,0,1.4142135623730951,1.4141759400801164
0,1,4,5,2.8284271247461903,2.82843077160074
5,1,4,0,1.4142135623730951,1.4142770301835743
0,1,5,0,1.4142135623730951,1.4142802464434472
5,1,0,0,1.4142135623730951,1.4142504528372202
0,1,0,5,2.0,1.9999932771274305
5,1,0,4,3.1622776601683795,3.1622853359453473
0,1,0,3,2.0,2.0000266946151544
5,1,0,4,3.1622776601683795,3.1622801312209634
0,1,0,5,2.0,2.0000309545820567
5,1,5,5,2.0,1.9999735084380812
0,1,5,0,1.4142135623730951,1.4142183300660003
5,1,5,5,2.0,1.9999772665457742
0,1,5,0,1.4142135623730951,1.4142185322655927
5,1,0,0,1.4142135623730951,1.4142030494691988
0,1,5,0,1.4142135623730951,1.414201864586446
5,1,4,0,1.4142135623730951,1.4142167343450223
0,1,4,1,2.0,2.0000426497345765
5,1,5,1,0.0,1.9274890621546197e-05
0,1,5,0,1.4142135623730951,1.4142386368957804
5,1,5,5,2.0,2.000000200742788
0,1,5,4,3.1622776601683795,3.1622872659360253
5,1,4,4,3.1622776601683795,3.162284281602032
0,1,4,5,2.8284271247461903,2.8284197948212015
5,1,4,0,1.4142135623730951,1.4142433730350406
0,1,5,0,1.4142135623730951,1.4142055745455548
5,1,5,5,2.0,1.9999996175449741
0,1,0,5,2.0,2.000019858832987
5,1,0,4,3.1622776601683795,3.162293468730189
0,1,0,5,2.0,2.0000218363181443
5,1,5,5,2.0,1.99997457884029
0,1,5,4,3.1622776601683795,3.1622962421706453
5,1,5,5,2.0,1.9999885547220158
0,1,0,5,2.0,2.0000549023592953
5,1,0,0,1.4142135623730951,1.4141832337631808
0,1,1,0,1.4142135623730951,1.414220148023201
5,1,2,0,3.1622776601683795,3.1622687920086583
0,1,2,1,2.0,2.000014779078015
5,1,1,1,2.0,2.0000018555284993
0,1,1,0,1.4142135623730951,1.4142173567489347
5,1,1,5,2.8284271247461903,2.828423168800385
0,1,1,4,3.1622776601683795,3.162260566712594
5,1,2,4,4.242640687119285,4.242623333929317
0,1,1,4,3.1622776601683795,3.162286028473156
5,1,2,4,4.242640687119285,4.242670445007928
0,1,1,4,3.1622776601683795,3.1622705038313326
5,1,0,4,3.1622776601683795,3.1623002284634167
0,1,1,4,3.1622776601683795,3.162259115196392
5,1,1,5,2.8284271247461903,2.828413060007169
0,1,0,5,2.0,2.0000048841414158
5,1,5,5,2.0,1.9999920655010028
0,1,5,4,3.1622776601683795,3.162276989227833
5,1,5,3,2.0,1.999994439325658
0,1,5,2,1.4142135623730951,1.4142288762816173
5,1,5,3,2.0,1.9999813156832489
0,1,4,3,2.8284271247461903,2.8284058759234525
5,1,3,3,2.8284271247461903,2.8284015721645774
0,1,4,3,2.8284271247461903,2.8284082383456717
5,1,4,4,3.1622776601683795,3.1623030663992733
0,1,4,3,2.8284271247461903,2.82842774230125
5,1,4,2,1.4142135623730951,1.4141868190720774
0,1,4,1,2.0,1.9999917701809526
5,1,5,1,0.0,-1.9524630436418213e-05
0,1,5,2,1.4142135623730951,1.4142120593216867
5,1,4,2,1.4142135623730951,1.414240047133537
0,1,4,1,2.0,1.9999946481615645
5,1,5,1,0.0,1.651118362934052e-05
0,1,0,1,0.0,-5.173791809430292e-06
5,1,1,1,2.0,2.0000242263701478
0,1,1,0,1.4142135623730951,1.4141767176896145
5,1,1,5,2.8284271247461903,2.828424407211145
0,1,1,0,1.4142135623730951,1.414226249954971
5,1,1,5,2.8284271247461903,2.8284489997101496
0,1,1,4,3.1622776601683795,3.162249987725255
5,1,1,5,2.8284271247461903,2.8284011623965646
0,1,0,5,2.0,2.0000169572743625
5,1,0,0,1.4142135623730951,1.4142310833968035
0,1,0,5,2.0,2.000043124399867
5,1,1,5,2.8284271247461903,2.82850428353966
0,1,1,0,1.4142135623730951,1.4142750738509637
5,1,2,0,3.1622776601683795,3.1622804574124945
0,1,3,0,3.1622776601683795,3.162291910947187
5,1,4,0,1.4142135623730951,1.414216221618704
0,1,3,0,3.1622776601683795,3.1622760021978795
5,1,4,0,1.4142135623730951,1.4142486658564086
0,1,4,1,2.0,1.9999920886873028
5,1,5,1,0.0,4.486057059095546e-06
0,1,4,1,2.0,1.9999358008923604
5,1,4,2,1.4142135623730951,1.414219070242614
0,1,4,1,2.0,2.0000480183662264
5,1,3,1,2.0,1.999955569783526
0,1,2,1,2.0,1.99994828464822
5,1,3,1,2.0,1.9999896467935256
0,1,3,0,3.1622776601683795,3.1622837037048837
5,1,3,1,2.0,2.000013755193916
0,1,4,1,2.0,2.000007863163845
5,1,3,1,2.0,1.9999679717211694
0,1,2,1,2.0,2.000015820522994
5,1,1,1,2.0,2.0000173211834564
0,1,1,2,1.4142135623730951,1.414229388272703
5,1,0,2,1.4142135623730951,1.4142243272950452
0,1,0,1,0.0,-1.685721103417951e-05
5,1,5,1,0.0,6.574049121456706e-06
0,1,0,1,0.0,2.8960028417520985e-05
5,1,0,0,1.4142135623730951,1.414189031024462
0,1,5,0,1.4142135623730951,1.4142406678243258
5,1,0,0,1.4142135623730951,1.4141951727885418
0,1,0,5,2.0,2.0000057526224286
5,1,1,5,2.8284271247461903,2.828407044430057
0,1,0,5,2.0,1.9999737580293695
5,1,5,5,2.0,1.9999646961229864
0,1,4,5,2.8284271247461903,2.828456076827248
5,1,3,5,2.8284271247461903,2.8284234843294938
0,1,2,5,2.8284271247461903,2.8284070571318356
5,1,2,0,3.1622776601683795,3.1622803813942495
0,1,2,5,2.8284271247461903,2.8284311610234667
5,1,2,4,4.242640687119285,4.242624976690518
0,1,1,4,3.1622776601683795,3.1623123547920433
5,1,1,5,2.8284271247461903,2.8284052887928914
0,1,1,4,3.1622776601683795,3.162288957306634
5,1,1,5,2.8284271247461903,2.82845824891361
0,1,1,4,3.1622776601683795,3.162273606511925
5,1,0,4,3.1622776601683795,3.162275482043147
0,1,5,4,3.1622776601683795,3.162300364201729
5,1,4,4,3.1622776601683795,3.162310224321095
0,1,5,4,3.1622776601683795,3.1622761421730385
5,1,4,4,3.1622776601683795,3.162272211132204
0,1,3,4,4.242640687119285,4.242644382974395
5,1,2,4,4.242640687119285,4.242611706200727
0,1,2,5,2.8284271247461903,2.8284006704161833
5,1,1,5,2.8284271247461903,2.828405679900743
0,1,2,5,2.8284271247461903,2.8284380338267847
5,1,1,5,2.8284271247461903,2.8284081852251384
0,1,2,5,2.8284271247461903,2.8283817523469454
5,1,2,4,4.242640687119285,4.242652487641811
0,1,3,4,4.242640687119285,4.2426633107431035
5,1,3,5,2.8284271247461903,2.828424943266939
0,1,2,5,2.8284271247461903,2.8284259614238474
5,1,2,4,4.242640687119285,4.242635395445678
0,1,2,3,2.8284271247461903,2.8284341848498595
5,1,1,3,2.8284271247461903,2.8284433267035385
0,1,1,4,3.1622776601683795,3.162236331093904
5,1,1,3,2.8284271247461903,2.8284403826104922
0,1,1,4,3.1622776601683795,3.1622466986201587
5,1,2,4,4.242640687119285,4.242671572110516
0,1,2,3,2.8284271247461903,2.828383421670125
5,1,2,2,3.1622776601683795,3.1622574159439645
0,1,2,3,2.8284271247461903,2.828445225803449
5,1,1,3,2.8284271247461903,2.828435613111156
0,1,2,3,2.8284271247461903,2.828428453632237
5,1,2,4,4.242640687119285,4.242642072138522
0,1,1,4,3.1622776601683795,3.162254428129445
5,1,2,4,4.242640687119285,4.242649299384787
0,1,2,3,2.8284271247461903,2.828403309061093
5,1,1,3,2.8284271247461903,2.828428262189415
0,1,2,3,2.8284271247461903,2.8284106547687577
5,1,3,3,2.8284271247461903,2.8283964927097283
0,1,4,3,2.8284271247461903,2.8284155658208503
5,1,3,3,2.8284271247461903,2.8283890066354536
0,1,4,3,2.8284271247461903,2.828386945893855
5,1,4,4,3.1622776601683795,3.162263114030265
0,1,4,3,2.8284271247461903,2.8284574919875887
5,1,5,3,2.0,2.0000317464248494
0,1,5,2,1.4142135623730951,1.4142273159254182
5,1,5,1,0.0,-1.4603325604496748e-05
0,1,5,2,1.4142135623730951,1.414216250029324
5,1,4,2,1.4142135623730951,1.414215694325541
0,1,5,2,1.4142135623730951,1.414224407519759
5,1,4,2,1.4142135623730951,1.4142008429767223
0,1,4,3,2.8284271247461903,2.828419554690139
5,1,3,3,2.8284271247461903,2.828427451203557
0,1,3,2,3.1622776601683795,3.1622734684093303
5,1,2,2,3.1622776601683795,3.1622831907894615
0,1,1,2,1.4142135623730951,1.4141944580554187
5,1,2,2,3.1622776601683795,3.1622784063214966
0,1,2,1,2.0,1.9999709471865217
5,1,1,1,2.0,2.000012557753569
0,1,0,1,0.0,1.9054104870186097e-05
5,1,0,0,1.4142135623730951,1.4142073318709854
0,1,1,0,1.4142135623730951,1.4142027745526387
5,1,0,0,1.4142135623730951,1.414238327621358
0,1,5,0,1.4142135623730951,1.414187850895887
5,1,4,0,1.4142135623730951,1.414211975046774
0,1,4,1,2.0,1.9999936342937277
5,1,3,1,2.0,1.9999917977598158
0,1,3,0,3.1622776601683795,3.162279022682544
5,1,3,5,2.8284271247461903,2.828401774826307
0,1,3,0,3.1622776601683795,3.1622794915932655
5,1,3,5,2.8284271247461903,2.8283942125868977
0,1,2,5,2.8284271247461903,2.828430520696573
5,1,2,4,4.242640687119285,4.242632962721175
0,1,2,3,2.8284271247461903,2.8284540237516294
5,1,1,3,2.8284271247461903,2.828405499574766
0,1,2,3,2.8284271247461903,2.8284258631702563
5,1,1,3,2.8284271247461903,2.8284422522839487
0,1,1,2,1.4142135623730951,1.4142300481571253
5,1,1,3,2.8284271247461903,2.828445459685221
0,1,2,3,2.8284271247461903,2.828449519068224
5,1,2,2,3.1622776601683795,3.162297127642598
0,1,2,3,2.8284271247461903,2.8284142751236554
5,1,2,2,3.1622776601683795,3.1622853948411835
0,1,2,1,2.0,2.0000134499288507
5,1,1,1,2.0,1.9999952849806026
0,1,2,1,2.0,1.9999964443414966
5,1,3,1,2.0,2.000011355071082
0,1,2,1,2.0,2.000001471051018
5,1,3,1,2.0,2.0000250446312524
0,1,2,1,2.0,1.9999823054279753
5,1,1,1,2.0,1.9999882006513188
0,1,1,2,1.4142135623730951,1.4142308057514652
5,1,1,3,2.8284271247461903,2.828413935064941
0,1,1,4,3.1622776601683795,3.1622694788525174
5,1,1,3,2.8284271247461903,2.828411793286677
0,1,1,4,3.1622776601683795,3.162294503618186
5,1,0,4,3.1622776601683795,3.1622619322677714
0,1,0,3,2.0,2.0000273621043827
5,1,0,4,3.1622776601683795,3.162269532594581
0,1,5,4,3.1622776601683795,3.162291342558166
5,1,0,4,3.1622776601683795,3.162289308253673
0,1,5,4,3.1622776601683795,3.1622774910186555
5,1,5,5,2.0,2.000010698551875
0,1,5,0,1.4142135623730951,1.4141805618691987
5,1,5,1,0.0,-8.978984429044947e-07
0,1,4,1,2.0,2.0000129069288617
5,1,4,2,1.4142135623730951,1.4142156765920992
0,1,3,2,3.1622776601683795,3.1622576332326986
5,1,3,3,2.8284271247461903,2.828438575881222
0,1,4,3,2.8284271247461903,2.828399750422169
5,1,4,2,1.4142135623730951,1.4141949051542524
0,1,4,3,2.8284271247461903,2.828429733164535
5,1,3,3,2.8284271247461903,2.8284623211681974
0,1,3,2,3.1622776601683795,3.16229948678653
5,1,3,1,2.0,2.0000424949079902
0,1,3,0,3.1622776601683795,3.1622824750140714
5,1,2,0,3.1622776601683795,3.1622755108860847
0,1,1,0,1.4142135623730951,1.414199012956403
5,1,1,5,2.8284271247461903,2.8284180567522217
0,1,1,4,3.1622776601683795,3.162289842160208
5,1,1,5,2.8284271247461903,2.828448940638737
0,1,2,5,2.8284271247461903,2.8283901979138992
5,1,1,5,2.8284271247461903,2.828391171994627
0,1,1,4,3.1622776601683795,3.1622644290295097
5,1,1,5,2.8284271247461903,2.8284244827454224
0,1,1,4,3.1622776601683795,3.1622700854424104
5,1,2,4,4.242640687119285,4.242634975243698
0,1,1,4,3.1622776601683795,3.162265681715864
5,1,2,4,4.242640687119285,4.242607059382974
0,1,3,4,4.242640687119285,4.2426223627205015
5,1,2,4,4.242640687119285,4.242664635466241
0,1,1,4,3.1622776601683795,3.1622532100624317
5,1,1,3,2.8284271247461903,2.828439427789898
0,1,1,2,1.4142135623730951,1.4142316636819032
5,1,1,1,2.0,2.000014090708556
0,1,1,0,1.4142135623730951,1.4141921276617433
5,1,1,1,2.0,2.0000248037963644
0,1,0,1,0.0,2.0685803563237486e-06
5,1,0,2,1.4142135623730951,1.4141707253408071
0,1,5,2,1.4142135623730951,1.4141998893702614
5,1,4,2,1.4142135623730951,1.4141958438681048
0,1,4,3,2.8284271247461903,2.8284172083794874
5,1,3,3,2.8284271247461903,2.8284342376339686
0,1,3,4,4.242640687119285,4.242667249761547
5,1,3,5,2.8284271247461903,2.8284494601111265
0,1,2,5,2.8284271247461903,2.828426850969086
5,1,2,4,4.242640687119285,4.242634629038317
0,1,1,4,3.1622776601683795,3.1623076523796136
5,1,1,3,2.8284271247461903,2.828421000618303
0,1,1,2,1.4142135623730951,1.4142044210663138
5,1,0,2,1.4142135623730951,1.4141930983962707
0,1,5,2,1.4142135623730951,1.41422433169332
5,1,5,3,2.0,2.00001363929768
0,1,4,3,2.8284271247461903,2.8284123649720487
5,1,5,3,2.0,1.9999957826529204
0,1,5,2,1.4142135623730951,1.4142000240697785
5,1,5,3,2.0,2.000002702355525
0,1,5,2,1.4142135623730951,1.4142102773124123
5,1,5,3,2.0,2.0000206530750932
0,1,4,3,2.8284271247461903,2.8284113882557453
5,1,3,3,2.8284271247461903,2.8284666313096154
0,1,4,3,2.8284271247461903,2.828402717006357
5,1,4,2,1.4142135623730951,1.414205418341656
0,1,3,2,3.1622776601683795,3.162267093501346
5,1,3,1,2.0,2.000014000905446
0,1,2,1,2.0,2.000001491196214
5,1,1,1,2.0,2.0000254406985576
0,1,2,1,2.0,2.000002468134188
5,1,1,1,2.0,1.999997105604691
0,1,1,0,1.4142135623730951,1.4142148303716375
5,1,2,0,3.1622776601683795,3.1622241730694087
0,1,2,1,2.0,2.0000128871872485
5,1,3,1,2.0,1.9999951037536154
0,1,2,1,2.0,1.9999860729851617
5,1,3,1,2.0,2.000011690414862
0,1,2,1,2.0,1.9999950370036867
5,1,2,2,3.1622776601683795,3.162274191046507
0,1,1,2,1.4142135623730951,1.414214200846413
5,1,0,2,1.4142135623730951,1.4141990428668467
0,1,0,1,0.0,2.455410986481417e-05
5,1,0,0,1.4142135623730951,1.4142188996695113
0,1,1,0,1.4142135623730951,1.4141930009594452
5,1,2,0,3.1622776601683795,3.162266268695436
0,1,1,0,1.4142135623730951,1.4142105965139473
5,1,1,1,2.0,2.000005735018945
0,1,0,1,0.0,5.719458850364734e-06
5,1,1,1,2.0,2.0000015942001816
0,1,1,2,1.4142135623730951,1.4142233470483918
5,1,2,2,3.1622776601683795,3.1622669157853625
0,1,2,3,2.8284271247461903,2.8284097256130996
5,1,2,2,3.1622776601683795,3.1622730594522483
0,1,2,1,2.0,2.000037694121089
5,1,2,2,3.1622776601683795,3.162282919133748
0,1,1,2,1.4142135623730951,1.4142216609545466
5,1,2,2,3.1622776601683795,3.1622637095565564
0,1,2,1,2.0,2.0000030075621
5,1,2,2,3.1622776601683795,3.162307242508002
0,1,1,2,1.4142135623730951,1.4142230813003005
5,1,1,3,2.8284271247461903,2.828423678968895
0,1,1,2,1.4142135623730951,1.4141766417811648
5,1,2,2,3.1622776601683795,3.162291954084925
0,1,1,2,1.4142135623730951,1.4142180339233892
5,1,1,1,2.0,2.0000333607025595
0,1,1,0,1.4142135623730951,1.414227316722922
5,1,1,1,2.0,2.000019384266797
0,1,2,1,2.0,2.000016933744755
5,1,2,2,3.1622776601683795,3.162266878795548
0,1,2,3,2.8284271247461903,2.8284157257102653
5,1,1,3,2.8284271247461903,2.8284375709653617
0,1,0,3,2.0,2.0000168762009256
5,1,5,3,2.0,1.9999872391852997
0,1,5,2,1.4142135623730951,1.4141994675886902
5,1,5,1,0.0,7.798859942067232e-06
0,1,5,2,1.4142135623730951,1.4142090031849783
5,1,5,3,2.0,1.9999913849171018
0,1,5,2,1.4142135623730951,1.4142634504854548
5,1,5,1,0.0,-7.304679639629289e-06
0,1,4,1,2.0,1.9999929975998407
5,1,5,1,0.0,9.26551146216939e-07
0,1,5,2,1.4142135623730951,1.41421245535175
5,1,5,3,2.0,1.9999959082044307
0,1,4,3,2.8284271247461903,2.828409054331674
5,1,4,2,1.4142135623730951,1.4142210678765117
0,1,4,1,2.0,2.000000841906373
5,1,4,0,1.4142135623730951,1.414196020779001
0,1,3,0,3.1622776601683795,3.1622706725575993
5,1,3,5,2.8284271247461903,2.8284357111319225
0,1,3,4,4.242640687119285,4.24266766287665
5,1,4,4,3.1622776601683795,3.16227104729095
0,1,4,5,2.8284271247461903,2.828436169411637
5,1,3,5,2.8284271247461903,2.8284038894155112
0,1,4,5,2.8284271247461903,2.8284305114080466
5,1,4,4,3.1622776601683795,3.162264422342862
0,1,4,5,2.8284271247461903,2.8284199546574436
5,1,3,5,2.8284271247461903,2.828422084052336
0,1,3,0,3.1622776601683795,3.1623110237572045
5,1,3,1,2.0,2.0000033648277147
0,1,3,0,3.1622776601683795,3.162275719773171
5,1,4,0,1.4142135623730951,1.4142047802787103
0,1,5,0,1.4142135623730951,1.4142261621254317
5,1,5,1,0.0,9.015259711115988e-06
0,1,5,0,1.4142135623730951,1.414196772818607
5,1,0,0,1.4142135623730951,1.4142441683937124
0,1,1,0,1.4142135623730951,1.4142502170416977
5,1,1,5,2.8284271247461903,2.828441284633783
0,1,1,4,3.1622776601683795,3.1623036923728702
5,1,1,5,2.8284271247461903,2.828445688993291
0,1,0,5,2.0,2.0000406664663415
5,1,0,0,1.4142135623730951,1.4142272740149697
0,1,1,0,1.4142135623730951,1.414209160911175
5,1,2,0,3.1622776601683795,3.1622308416580514
0,1,1,0,1.4142135623730951,1.4142051654515042
5,1,1,1,2.0,1.9999852547567685
0,1,1,2,1.4142135623730951,1.4142134304090255
5,1,2,2,3.1622776601683795,3.162303605179112
0,1,1,2,1.4142135623730951,1.414209104242614
5,1,2,2,3.1622776601683795,3.162261447652135
0,1,3,2,3.1622776601683795,3.1622797367156217
5,1,2,2,3.1622776601683795,3.1623038592148545
0,1,2,3,2.8284271247461903,2.82841339682888
5,1,3,3,2.8284271247461903,2.8284187084139956
0,1,2,3,2.8284271247461903,2.8283752637584336
5,1,3,3,2.8284271247461903,2.8284155692918485
0,1,3,4,4.242640687119285,4.242635822896985
5,1,3,5,2.8284271247461903,2.82845756780339
0,1,3,4,4.242640687119285,4.242680700559767
5,1,3,3,2.8284271247461903,2.828408735762495
0,1,4,3,2.8284271247461903,2.8284489278040432
5,1,4,2,1.4142135623730951,1.4142300366252576
0,1,5,2,1.4142135623730951,1.4142526634819728
5,1,0,2,1.4142135623730951,1.41421344389165
0,1,0,3,2.0,1.9999851900598749
5,1,5,3,2.0,1.999991353599949
0,1,5,4,3.1622776601683795,3.1622337063298462
5,1,5,3,2.0,2.0000094824965555
0,1,5,2,1.4142135623730951,1.4142269302774733
5,1,5,1,0.0,1.907173303398928e-05
0,1,0,1,0.0,-4.41020692915099e-05
5,1,0,2,1.4142135623730951,1.4142009472612822
0,1,0,1,0.0,3.711091080740325e-05
5,1,5,1,0.0,1.5096441863557578e-05
0,1,0,1,0.0,3.562449156324549e-05
5,1,0,2,1.4142135623730951,1.414223510930551
0,1,5,2,1.4142135623730951,1.4142086776827185
5,1,5,1,0.0,-1.3545673723701258e-05
0,1,5,0,1.4142135623730951,1.414200130216635
5,1,5,1,0.0,1.8725071450932066e-05
0,1,4,1,2.0,1.9999886763523251
5,1,5,1,0.0,2.7940622288615525e-05
0,1,0,1,0.0,-1.7238439485877236e-05
5,1,0,0,1.4142135623730951,1.4142584355621097
0,1,1,0,1.4142135623730951,1.4142039024411175
5,1,2,0,3.1622776601683795,3.1623080402346573
0,1,2,5,2.8284271247461903,2.8284381747145675
5,1,1,5,2.8284271247461903,2.8284423206643265
0,1,0,5,2.0,1.9999958275653629
5,1,0,0,1.4142135623730951,1.414223718916616
0,1,5,0,1.4142135623730951,1.414221885292611
5,1,4,0,1.4142135623730951,1.414191665003304
0,1,5,0,1.4142135623730951,1.4142066152878214
5,1,0,0,1.4142135623730951,1.4142410289013347
0,1,5,0,1.4142135623730951,1.4141949870578783
5,1,5,5,2.0,1.9999619926061707
0,1,0,5,2.0,1.999979521271615
5,1,0,4,3.1622776601683795,3.1622800348068947
0,1,0,3,2.0,1.9999538935515315
5,1,0,2,1.4142135623730951,1.4142407019488485
0,1,0,3,2.0,2.0000096937255596
5,1,5,3,2.0,2.000041519011608
0,1,5,2,1.4142135623730951,1.4142268999770824
5,1,5,1,0.0,-2.221269344064397e-05
0,1,5,0,1.4142135623730951,1.4142225712854506
5,1,5,1,0.0,-7.533486844269837e-06
0,1,5,2,1.4142135623730951,1.4142049146457714
5,1,5,1,0.0,-5.821731803804806e-06
0,1,5,2,1.4142135623730951,1.414224811498188
5,1,5,3,2.0,2.0000029376890054
0,1,5,2,1.4142135623730951,1.4142237533605475
5,1,4,2,1.4142135623730951,1.41419002387527
0,1,5,2,1.4142135623730951,1.4142097718174493
5,1,5,3,2.0,2.000006173505229
0,1,5,2,1.4142135623730951,1.4142226975091061
5,1,0,2,1.4142135623730951,1.4142272243267586
0,1,1,2,1.4142135623730951,1.4142206860477924
5,1,1,3,2.8284271247461903,2.82843688104149
0,1,2,3,2.8284271247461903,2.8284046849614355
5,1,3,3,2.8284271247461903,2.8284245412804037
0,1,3,4,4.242640687119285,4.242657304171305
5,1,3,5,2.8284271247461903,2.828429678982401
0,1,3,4,4.242640687119285,4.242624103468017
5,1,3,5,2.8284271247461903,2.8284578158060487
0,1,3,0,3.1622776601683795,3.1622569153377986
5,1,4,0,1.4142135623730951,1.414224978706531
0,1,5,0,1.4142135623730951,1.4142317921176508
5,1,0,0,1.4142135623730951,1.4142059955356043
0,1,1,0,1.4142135623730951,1.4141940057496623
5,1,1,5,2.8284271247461903,2.828413720261666
0,1,0,5,2.0,1.9999929111964245
5,1,1,5,2.8284271247461903,2.828403030295597
0,1,1,0,1.4142135623730951,1.4142356409950647
5,1,1,5,2.8284271247461903,2.828413095123245
0,1,2,5,2.8284271247461903,2.8284374604732
5,1,1,5,2.8284271247461903,2.8284339990868426
0,1,1,0,1.4142135623730951,1.4142485128148228
5,1,0,0,1.4142135623730951,1.41420172510855
0,1,1,0,1.4142135623730951,1.4142266657836617
5,1,0,0,1.4142135623730951,1.4142091302041435
0,1,0,5,2.0,1.9999844646207752
5,1,0,0,1.4142135623730951,1.414222169530966
0,1,1,0,1.4142135623730951,1.4142147945268204
5,1,1,1,2.0,2.0000111161294445
0,1,2,1,2.0,1.9999940056829733
5,1,1,1,2.0,2.00004595771158
0,1,1,0,1.4142135623730951,1.414239087332015
5,1,1,1,2.0,1.9999968386304334
0,1,0,1,0.0,-1.0965626892737276e-05
5,1,5,1,0.0,2.0830371561278227e-06
0,1,0,1,0.0,-2.2654583563670904e-05
5,1,0,2,1.4142135623730951,1.4142064065562074
0,1,1,2,1.4142135623730951,1.414222347394569
5,1,2,2,3.1622776601683795,3.1622413481769955
0,1,3,2,3.1622776601683795,3.162292439188329
5,1,4,2,1.4142135623730951,1.4142202441999363
0,1,4,3,2.8284271247461903,2.8284043922279363
5,1,4,2,1.4142135623730951,1.414199791555142
0,1,4,1,2.0,1.9999855388042493
5,1,4,2,1.4142135623730951,1.4142304806425035
0,1,4,1,2.0,2.000006470251328
5,1,5,1,0.0,1.698640538081419e-05
0,1,5,0,1.4142135623730951,1.4141992184305268
5,1,5,5,2.0,2.000006625703758
0,1,4,5,2.8284271247461903,2.828454982190343
5,1,3,5,2.8284271247461903,2.8284393068603992
0,1,4,5,2.8284271247461903,2.828452363891251
5,1,3,5,2.8284271247461903,2.8284313102720797
0,1,3,4,4.242640687119285,4.242642064471706
5,1,2,4,4.242640687119285,4.242659099576557
0,1,2,5,2.8284271247461903,2.828444497751425
5,1,1,5,2.8284271247461903,2.8284324395486586
0,1,2,5,2.8284271247461903,2.828437338632168
5,1,1,5,2.8284271247461903,2.828409622758482
0,1,1,0,1.4142135623730951,1.4141859216785746
5,1,2,0,3.1622776601683795,3.162262410353192
0,1,1,0,1.4142135623730951,1.4142263577844436
5,1,1,5,2.8284271247461903,2.8284249890726114
0,1,1,0,1.4142135623730951,1.4141961363201547
5,1,1,5,2.8284271247461903,2.8283817870470744
0,1,1,0,1.4142135623730951,1.4142327480363786
5,1,2,0,3.1622776601683795,3.1622602457841884
0,1,2,5,2.8284271247461903,2.8284560371140723
5,1,2,0,3.1622776601683795,3.1622724039077035
0,1,1,0,1.4142135623730951,1.4142775120321747
5,1,1,5,2.8284271247461903,2.828415412622899
0,1,1,0,1.4142135623730951,1.4142291052676292
5,1,0,0,1.4142135623730951,1.4141981922508062
0,1,5,0,1.4142135623730951,1.414187621818791
5,1,0,0,1.4142135623730951,1.4142283137864458
0,1,0,5,2.0,2.0000150583685903
5,1,0,0,1.4142135623730951,1.4142350037499714
0,1,0,5,2.0,2.0000017290048007
5,1,5,5,2.0,1.9999779902410755
0,1,5,0,1.4142135623730951,1.4142262397893708
5,1,5,5,2.0,1.9999568081589907
0,1,0,5,2.0,2.0000054721500646
5,1,1,5,2.8284271247461903,2.8283965490062957
0,1,0,5,2.0,1.999981487232158
5,1,1,5,2.8284271247461903,2.82844194755655
0,1,1,4,3.1622776601683795,3.1622576199000942
5,1,1,5,2.8284271247461903,2.828437851635071
0,1,2,5,2.8284271247461903,2.8283995402338675
5,1,3,5,2.8284271247461903,2.8284587404680073
0,1,3,0,3.1622776601683795,3.162263753375709
5,1,3,5,2.8284271247461903,2.828415869628589
0,1,4,5,2.8284271247461903,2.828417735012229
5,1,4,0,1.4142135623730951,1.4142455386272996
0,1,4,5,2.8284271247461903,2.828433210859782
5,1,4,0,1.4142135623730951,1.4142413111743235
0,1,5,0,1.4142135623730951,1.414230955502389
5,1,5,5,2.0,1.999985747399222
0,1,5,0,1.4142135623730951,1.414188540722699
5,1,4,0,1.4142135623730951,1.4141964744115865
0,1,4,1,2.0,2.000003568051985
5,1,4,2,1.4142135623730951,1.414229421411047
0,1,3,2,3.1622776601683795,3.1622469064719265
5,1,2,2,3.1622776601683795,3.1623054544542577
0,1,3,2,3.1622776601683795,3.1623013332869188
5,1,2,2,3.1622776601683795,3.1622687830919882
0,1,1,2,1.4142135623730951,1.4142262132690346
5,1,2,2,3.1622776601683795,3.162277354696043
0,1,2,3,2.8284271247461903,2.8283816759586333
5,1,1,3,2.8284271247461903,2.8284039157343983
0,1,2,3,2.8284271247461903,2.828433013187971
5,1,3,3,2.8284271247461903,2.828421190151008
0,1,3,2,3.1622776601683795,3.1622827470091206
5,1,3,1,2.0,1.9999904541220144
0,1,4,1,2.0,1.9999945666039667
5,1,4,0,1.4142135623730951,1.4141973419272844
0,1,4,1,2.0,1.9999979052788401
5,1,3,1,2.0,1.9999935538250055
0,1,3,0,3.1622776601683795,3.162245742540999
5,1,3,5,2.8284271247461903,2.8284225616502585
0,1,2,5,2.8284271247461903,2.828397649435838
5,1,1,5,2.8284271247461903,2.828399390453138
0,1,1,0,1.4142135623730951,1.4142301281910643
5,1,2,0,3.1622776601683795,3.1622891565870046
0,1,2,1,2.0,1.9999955829703076
5,1,2,0,3.1622776601683795,3.1622973875316776
0,1,2,5,2.8284271247461903,2.828449875501832
5,1,2,4,4.242640687119285,4.2426669089376565
0,1,1,4,3.1622776601683795,3.162273574258181
5,1,1,5,2.8284271247461903,2.8284233794109004
0,1,1,0,1.4142135623730951,1.4142218695303983
5,1,2,0,3.1622776601683795,3.1622740537018896
0,1,2,1,2.0,1.9999752448537644
5,1,3,1,2.0,1.9999841298344154
0,1,4,1,2.0,2.0000249702612622
5,1,3,1,2.0,2.0000099581682416
0,1,3,0,3.1622776601683795,3.1622308947006452
5,1,3,1,2.0,1.9999855794430956
0,1,3,0,3.1622776601683795,3.16229012460186
5,1,2,0,3.1622776601683795,3.1622895895516723
0,1,3,0,3.1622776601683795,3.1622999991629395
5,1,2,0,3.1622776601683795,3.162288797932435
0,1,2,1,2.0,1.9999469091713398
5,1,1,1,2.0,1.9999950142475273
0,1,0,1,0.0,-5.0674298013738845e-05
5,1,0,0,1.4142135623730951,1.4142240023325068
0,1,0,1,0.0,1.1278986788677942e-05
5,1,0,2,1.4142135623730951,1.4142123985759967
0,1,0,3,2.0,2.0000215560717463
5,1,0,4,3.1622776601683795,3.162291242929653
0,1,5,4,3.1622776601683795,3.16228751141342
5,1,4,4,3.1622776601683795,3.1622854718535947
0,1,5,4,3.1622776601683795,3.162305510689939
5,1,5,5,2.0,1.9999918910104948
0,1,5,0,1.4142135623730951,1.4142597307213205
5,1,5,5,2.0,1.9999922470696054
0,1,5,0,1.4142135623730951,1.4142071408587902
5,1,4,0,1.4142135623730951,1.414241387500075
0,1,5,0,1.4142135623730951,1.4142256937183089
5,1,5,5,2.0,1.999979171359709
0,1,0,5,2.0,1.9999803611896818
5,1,0,0,1.4142135623730951,1.4142181966582723
0,1,0,1,0.0,-3.0577822781001177e-05
5,1,1,1,2.0,2.000017030338848
0,1,2,1,2.0,2.000031509092414
5,1,2,0,3.1622776601683795,3.16229011648979
0,1,2,1,2.0,1.9999724653645978
5,1,2,2,3.1622776601683795,3.162274289117955
0,1,1,2,1.4142135623730951,1.4141924942173572
5,1,1,1,2.0,2.0000126449615343
0,1,2,1,2.0,2.000013000423789
5,1,1,1,2.0,1.999954973296617
0,1,2,1,2.0,1.9999898174956425
5,1,1,1,2.0,2.0000044409489783
0,1,1,0,1.4142135623730951,1.4142316084437456
5,1,1,1,2.0,1.9999616265897073
0,1,0,1,0.0,2.4790693900926574e-05
5,1,1,1,2.0,1.9999864927721436
0,1,1,2,1.4142135623730951,1.4141912154359118
5,1,1,1,2.0,2.0000160202640513
0,1,1,2,1.4142135623730951,1.4142004390052667
5,1,1,1,2.0,1.9999944498256224
0,1,2,1,2.0,2.000010506417312
5,1,2,0,3.1622776601683795,3.162255141376453
0,1,2,1,2.0,2.0000022707276126
5,1,1,1,2.0,2.0000054783941814
0,1,1,2,1.4142135623730951,1.414209110039757
5,1,0,2,1.4142135623730951,1.4142127626675487
0,1,5,2,1.4142135623730951,1.4142153313770087
5,1,0,2,1.4142135623730951,1.4142507925326777
0,1,1,2,1.4142135623730951,1.4142150759669934
5,1,1,1,2.0,1.9999840810183427
0,1,1,2,1.4142135623730951,1.4142096468438323
5,1,0,2,1.4142135623730951,1.4142274632914011
0,1,0,3,2.0,2.0000514875483413
5,1,5,3,2.0,1.9999973477069237
0,1,0,3,2.0,2.000024918546544
5,1,0,4,3.1622776601683795,3.1622353009946154
0,1,0,5,2.0,2.0000110920642755
5,1,1,5,2.8284271247461903,2.828440282873123
0,1,1,0,1.4142135623730951,1.4142473769162427
5,1,1,5,2.8284271247461903,2.828385073294799
0,1,0,5,2.0,1.9999693096282405
5,1,0,0,1.4142135623730951,1.4142057355183015
0,1,5,0,1.4142135623730951,1.414237070814068
5,1,5,5,2.0,1.999958690799525
0,1,4,5,2.8284271247461903,2.8284600837899845
5,1,4,0,1.4142135623730951,1.414215958453874
0,1,4,1,2.0,2.0000080066989043
5,1,4,0,1.4142135623730951,1.4141915242138392
0,1,4,5,2.8284271247461903,2.8284639095384425
5,1,4,4,3.1622776601683795,3.1623098867246853
0,1,4,5,2.8284271247461903,2.828404667318013
5,1,3,5,2.8284271247461903,2.8284418350289298
0,1,3,0,3.1622776601683795,3.162255333571741
5,1,4,0,1.4142135623730951,1.4142238294055087
0,1,4,5,2.8284271247461903,2.828438316846113
5,1,4,4,3.1622776601683795,3.16227808870538
0,1,5,4,3.1622776601683795,3.1622724143616
5,1,4,4,3.1622776601683795,3.1622921733142206
0,1,4,5,2.8284271247461903,2.8284447630284384
5,1,4,0,1.4142135623730951,1.414215830888487
0,1,4,5,2.8284271247461903,2.8284117344265964
5,1,5,5,2.0,1.9999988240138
0,1,4,5,2.8284271247461903,2.8284078821728653
5,1,3,5,2.8284271247461903,2.828466555170423
0,1,3,4,4.242640687119285,4.242596796943224
5,1,2,4,4.242640687119285,4.242612234053176
0,1,1,4,3.1622776601683795,3.162253242968014
5,1,2,4,4.242640687119285,4.242652531297056
0,1,1,4,3.1622776601683795,3.1622835967522063
5,1,0,4,3.1622776601683795,3.162308777944375
0,1,1,4,3.1622776601683795,3.162292577540079
5,1,2,4,4.242640687119285,4.242669844950181
0,1,1,4,3.1622776601683795,3.1622526132002458
5,1,2,4,4.242640687119285,4.242632312615607
0,1,3,4,4.242640687119285,4.242625684471925
5,1,2,4,4.242640687119285,4.24264576848605
0,1,2,3,2.8284271247461903,2.828414130497052
5,1,2,4,4.242640687119285,4.242668026114144
0,1,1,4,3.1622776601683795,3.1622443225583345
5,1,2,4,4.242640687119285,4.242662871114629
0,1,3,4,4.242640687119285,4.24262413966743
5,1,3,5,2.8284271247461903,2.828468215399896
0,1,2,5,2.8284271247461903,2.8284549464758673
5,1,3,5,2.8284271247461903,2.828465543529671
0,1,3,4,4.242640687119285,4.242591259408439
5,1,3,5,2.8284271247461903,2.8284296975619974
0,1,2,5,2.8284271247461903,2.828427219542629
5,1,2,0,3.1622776601683795,3.1622920705031885
0,1,1,0,1.4142135623730951,1.414218726482243
5,1,1,5,2.8284271247461903,2.8284160045135325
0,1,1,0,1.4142135623730951,1.414254264632201
5,1,2,0,3.1622776601683795,3.1622757837000552
0,1,3,0,3.1622776601683795,3.162269917381191
5,1,3,1,2.0,1.9999881057369873
0,1,3,2,3.1622776601683795,3.1622594383792397
5,1,4,2,1.4142135623730951,1.4142352149006343
0,1,4,3,2.8284271247461903,2.8284133278807277
5,1,5,3,2.0,2.0000020378270964
0,1,5,4,3.1622776601683795,3.1622627184622876
5,1,5,5,2.0,1.9999872031746155
0,1,5,4,3.1622776601683795,3.162291521047895
5,1,5,3,2.0,1.999970167034057
0,1,0,3,2.0,2.0000070069865066
5,1,5,3,2.0,2.0000026569261626
0,1,5,4,3.1622776601683795,3.162290461473922
5,1,4,4,3.1622776601683795,3.162310741555557
0,1,4,3,2.8284271247461903,2.8284472791778494
5,1,3,3,2.8284271247461903,2.8283898886991663
0,1,4,3,2.8284271247461903,2.8284326716676884
5,1,4,4,3.1622776601683795,3.162298078647984
0,1,4,3,2.8284271247461903,2.828416877530924
5,1,5,3,2.0,1.9999991798508827
0,1,0,3,2.0,1.9999932004444885
5,1,1,3,2.8284271247461903,2.8284171546864267
0,1,0,3,2.0,1.9999710173432332
5,1,5,3,2.0,2.00003285453582
0,1,4,3,2.8284271247461903,2.828435645567596
5,1,4,2,1.4142135623730951,1.4141958900951874
0,1,3,2,3.1622776601683795,3.162298232328242
5,1,3,3,2.8284271247461903,2.8284366092267974
0,1,2,3,2.8284271247461903,2.8284252102244696
5,1,1,3,2.8284271247461903,2.8283928139366483
0,1,1,4,3.1622776601683795,3.1622914486985927
5,1,0,4,3.1622776601683795,3.1622780752507382
0,1,0,5,2.0,1.9999879876143782
5,1,0,4,3.1622776601683795,3.1622538060041325
0,1,1,4,3.1622776601683795,3.1622957782974934
5,1,1,3,2.8284271247461903,2.828446373488102
0,1,2,3,2.8284271247461903,2.8284452587624322
5,1,1,3,2.8284271247461903,2.828462330200556
0,1,2,3,2.8284271247461903,2.8284474773161086
5,1,2,4,4.242640687119285,4.242649724627224
0,1,1,4,3.1622776601683795,3.1622926947055263
5,1,1,3,2.8284271247461903,2.8284600477592665
0,1,1,2,1.4142135623730951,1.4141896750074656
5,1,1,3,2.8284271247461903,2.8284574068356925
0,1,2,3,2.8284271247461903,2.8284457123405504
5,1,2,4,4.242640687119285,4.242609041583565
0,1,2,3,2.8284271247461903,2.8284373150380966
5,1,1,3,2.8284271247461903,2.8284405361738116
0,1,1,2,1.4142135623730951,1.4142155472336717
5,1,2,2,3.1622776601683795,3.1623047749043285
0,1,2,1,2.0,2.000010766131621
5,1,3,1,2.0,1.9999753808749647
0,1,3,2,3.1622776601683795,3.1622831673731717
5,1,3,1,2.0,2.0000118410311862
0,1,3,0,3.1622776601683795,3.16230285775591
5,1,3,1,2.0,1.999981493120373
0,1,3,2,3.1622776601683795,3.1622526118695014
5,1,2,2,3.1622776601683795,3.162307520621094
0,1,2,1,2.0,2.000015709529057
5,1,2,2,3.1622776601683795,3.162294783279516
0,1,2,3,2.8284271247461903,2.8284260978879363
5,1,3,3,2.8284271247461903,2.8284239353396616
0,1,3,2,3.1622776601683795,3.1622641735446697
5,1,2,2,3.1622776601683795,3.1622687372077234
0,1,2,3,2.8284271247461903,2.8284185670995377
5,1,1,3,2.8284271247461903,2.8284347482047694
0,1,1,4,3.1622776601683795,3.1622963894472997
5,1,1,3,2.8284271247461903,2.8283914740755023
0,1,1,4,3.1622776601683795,3.1623065590656885
5,1,0,4,3.1622776601683795,3.162289179857192
0,1,0,5,2.0,1.9999915758493654
5,1,1,5,2.8284271247461903,2.828414676229273
0,1,2,5,2.8284271247461903,2.82843262304611
5,1,3,5,2.8284271247461903,2.828439410449153
0,1,3,4,4.242640687119285,4.242658389169584
5,1,2,4,4.242640687119285,4.242648216773724
0,1,1,4,3.1622776601683795,3.162282751915058
5,1,1,3,2.8284271247461903,2.828448725598875
0,1,0,3,2.0,2.0000306453049803
5,1,0,4,3.1622776601683795,3.162265721580521
0,1,0,5,2.0,2.000024493281104
5,1,1,5,2.8284271247461903,2.82842326913042
0,1,0,5,2.0,1.9999910323199903
5,1,1,5,2.8284271247461903,2.828455850548665
0,1,0,5,2.0,2.0000194596539034
5,1,1,5,2.8284271247461903,2.8284421550302223
0,1,2,5,2.8284271247461903,2.828448275358838
5,1,2,4,4.242640687119285,4.242625937706624
0,1,2,5,2.8284271247461903,2.8284495025513343
5,1,2,4,4.242640687119285,4.242636654858666
0,1,1,4,3.1622776601683795,3.1622876775874893
5,1,2,4,4.242640687119285,4.242642631348164
0,1,1,4,3.1622776601683795,3.162283150654283
5,1,2,4,4.242640687119285,4.242685517026858
0,1,2,5,2.8284271247461903,2.8283854319635413
5,1,3,5,2.8284271247461903,2.828460714913356
0,1,2,5,2.8284271247461903,2.828479358187491
5,1,2,0,3.1622776601683795,3.162281021712417
0,1,1,0,1.4142135623730951,1.4141863214339445
5,1,0,0,1.4142135623730951,1.414193358736241
0,1,5,0,1.4142135623730951,1.4142401794348687
5,1,4,0,1.4142135623730951,1.4142261167859276
0,1,4,1,2.0,1.9999942480416908
5,1,4,0,1.4142135623730951,1.4142029615779343
0,1,4,1,2.0,2.000013279894175
5,1,4,0,1.4142135623730951,1.4141850848950301
0,1,5,0,1.4142135623730951,1.4142485784166516
5,1,5,1,0.0,-1.0612564634909006e-05
0,1,5,2,1.4142135623730951,1.414182007214854
5,1,5,3,2.0,2.00001354059737
0,1,5,2,1.4142135623730951,1.41421229648832
5,1,0,2,1.4142135623730951,1.4142031253392413
0,1,1,2,1.4142135623730951,1.4142625093015257
5,1,0,2,1.4142135623730951,1.4142332716415318
0,1,0,3,2.0,2.0000070427480288
5,1,0,2,1.4142135623730951,1.4142038253530818
0,1,1,2,1.4142135623730951,1.4142141029170787
5,1,1,1,2.0,2.0000108080455163
0,1,1,2,1.4142135623730951,1.4142090904085534
5,1,2,2,3.1622776601683795,3.1622821277988695
0,1,1,2,1.4142135623730951,1.4142190812110766
5,1,2,2,3.1622776601683795,3.1622275489249976
0,1,2,3,2.8284271247461903,2.82842034133026
5,1,2,4,4.242640687119285,4.242651777169593
0,1,1,4,3.1622776601683795,3.162262422116903
5,1,1,3,2.8284271247461903,2.8284451821000096
0,1,0,3,2.0,1.999991833695844
5,1,1,3,2.8284271247461903,2.8284487128316558
0,1,1,2,1.4142135623730951,1.4141968837860004
5,1,2,2,3.1622776601683795,3.1622684889209443
0,1,2,3,2.8284271247461903,2.82842881995148
5,1,3,3,2.8284271247461903,2.828428513843402
0,1,2,3,2.8284271247461903,2.828465619336631
5,1,2,2,3.1622776601683795,3.162306738662402
0,1,3,2,3.1622776601683795,3.162319384932056
5,1,2,2,3.1622776601683795,3.1622756227369324
0,1,3,2,3.1622776601683795,3.162266360769876
5,1,3,3,2.8284271247461903,2.8284281528175472
0,1,3,4,4.242640687119285,4.242631484040125
5,1,3,3,2.8284271247461903,2.8284474353710736
0,1,2,3,2.8284271247461903,2.828410277148565
5,1,1,3,2.8284271247461903,2.828448317139228
0,1,0,3,2.0,2.000011871727753
5,1,5,3,2.0,2.000009335250527
0,1,0,3,2.0,2.000005841484429
5,1,5,3,2.0,1.99996176323047
0,1,4,3,2.8284271247461903,2.828438660064892
5,1,3,3,2.8284271247461903,2.8284456098899584
0,1,3,4,4.242640687119285,4.2426385810815175
5,1,2,4,4.242640687119285,4.242605185796792
0,1,2,3,2.8284271247461903,2.8284380043476567
5,1,2,2,3.1622776601683795,3.1622849603804037
0,1,2,3,2.8284271247461903,2.8284662676958954
5,1,2,4,4.242640687119285,4.242629441479811
0,1,2,5,2.8284271247461903,2.8284142104652688
5,1,1,5,2.8284271247461903,2.828410741169996
0,1,2,5,2.8284271247461903,2.82843079282317
5,1,2,4,4.242640687119285,4.242609381746583
0,1,2,3,2.8284271247461903,2.8284076812957846
5,1,1,3,2.8284271247461903,2.828441300114336
0,1,0,3,2.0,2.000012653223106
5,1,5,3,2.0,2.0000409379137167
0,1,4,3,2.8284271247461903,2.8284515843375972
5,1,4,2,1.4142135623730951,1.4142256593802907
0,1,3,2,3.1622776601683795,3.1622966184389667
5,1,3,3,2.8284271247461903,2.8284278921466663
0,1,2,3,2.8284271247461903,2.828448897300707
5,1,3,3,2.8284271247461903,2.8284342535684326
0,1,4,3,2.8284271247461903,2.8284242298950746
5,1,4,4,3.1622776601683795,3.1623331866775555
0,1,4,5,2.8284271247461903,2.828402723178712
5,1,3,5,2.8284271247461903,2.828417514005046
0,1,2,5,2.8284271247461903,2.8284242957503323
5,1,1,5,2.8284271247461903,2.828451683090088
0,1,1,4,3.1622776601683795,3.1622573619274785
5,1,2,4,4.242640687119285,4.24267106453754
0,1,1,4,3.1622776601683795,3.1622872548591636
5,1,2,4,4.242640687119285,4.242627735325231
0,1,1,4,3.1622776601683795,3.162312946306195
5,1,1,3,2.8284271247461903,2.8284206480958907
0,1,0,3,2.0,2.000019034247998
5,1,5,3,2.0,1.99997779428008
0,1,0,3,2.0,2.000022909228673
5,1,1,3,2.8284271247461903,2.8284602388309548
0,1,2,3,2.8284271247461903,2.8284360849313113
5,1,3,3,2.8284271247461903,2.828462343712009
0,1,3,2,3.1622776601683795,3.16227219811171
5,1,3,3,2.8284271247461903,2.828449164748137
0,1,4,3,2.8284271247461903,2.828417432536549
5,1,3,3,2.8284271247461903,2.828462271794149
